"Trends","Search volume","Started","Ended","Trend breakdown","Explore link"
"eric dane","5M+","February 19, 2026 at 9:00:00 PM UTC-5",,"eric dane,what is als,mcsteamy,rebecca gayheart,greys anatomy,mark sloan,eric dane movies and tv shows,eric dane als,eric dane cause of death,eric dane wife,how did eric dane die,mcsteamy grey's anatomy,euphoria,grey's anatomy,grey's anatomy cast,eric dane kids,eric dane movies,eric dane death,patrick dempsey,eric dane euphoria,mc steamy,when was eric dane diagnosed with als,eric dane saved by the bell,eric dane daughters,erik dane,famous last words,did eric dane die,mark sloan actor,eric danes,eric dane grey's anatomy,eric.dane,wric dane,dr mcsteamy,amyotrophic lateral sclerosis,who is eric dane,eric dane died,the last ship,did eric dane pass,eric dane children,eric dane net worth,lou gehrig,eric dane dead,eric dane now,mark sloan death,erick dane,mcsteamy actor,grey anatomy,euphoria season 3,greys anatomy star dies,did eric dane pass away,eric dan,eric dance,when did eric dane die,mc steamy greys anatomy,greys,eric dane family,when did eric dane get diagnosed with als,eric,is eric dane still alive,eric dane.,eric dane greys anatomy,als life expectancy,mcdreamy grey's anatomy,how long did eric dane have als,eric dane mcsteamy,eric dane als diagnosis,eric dane how did he die,mcdreamy and mcsteamy,is eric dane dead,als eric dane,eric dane age,eric dane illness,erica dane,what did eric dane die from,mark grey's anatomy,dr sloan,eric dane shows,greys anatomy mcsteamy,celebrity deaths,who died today,did mcsteamy die,eric dane death cause,eric dane dies,eric dane grey's anatomy name,grey's anatomy eric dane,mcsteamy als,eric dane imdb,eric dane die,dr mark sloan,ric dane,ellen pompeo,dane eric,mcsteamy died,dane,people,grey's anatomy star dies,eric dane passed away,eric dane diagnosis,mark sloan grey's anatomy,eric danes wife,what is als?,dr sloan grey's anatomy,mark from grey's anatomy,eric dane last photo,what happened to eric dane,mcsteamy death,greys anatomy death,eric cane,grey's anatomy actor died,did eric dane die today,is eric dane in season 3 of euphoria,eric dane 2026,how did eric dane get als,eric dane in grey's anatomy,eric dane disease,ericdane,mc steamy greys anatomy als,mcsteamy now","./explore?q=eric%20dane&geo=US"
"alysa liu","1M+","February 19, 2026 at 4:30:00 PM UTC-5",,"alysa liu,alyssa liu,alysa liu free skate,how old is alysa liu,sarah hughes,sarah hughes skater,alysa liu gold medal performance,alysa liu olympics 2026,liu skater,alysa liu age,kristi yamaguchi,medal count olympics 2026,figure skating medals,macarthur park,womens figure skating final,womens ice skating results,women's figure skating olympics 2026,liu ice skater,us women's figure skating,alysa liu coaches,alysa liu 2022 olympics,2026 winter olympics women single skating free skating results,olympic women's figure skating results,figure skating olympics 2026,tara lipinski olympics,alysa liu height,women's figure skating,figure skating results,us figure skating,alysa liu gold medal,olympic medals,olympic figure skating results,womens figure skating events,2026 winter olympics medals,usa olympics,alysa liu short program,women's free skate results,alysa liu medal ceremony,women figure skating olympics 2026,free skate olympics,olympic,womens skating results,phillip diguglielmo,alysa liu long program,alysa liu free skate program,ice skating olympics,alysa liu free skate olympics,alysa liu coach","./explore?q=alysa%20liu&geo=US"
"supreme court","500K+","February 20, 2026 at 9:40:00 AM UTC-5",,"supreme court,supreme court tariff ruling,tariffs,trump tariffs,supreme court tariffs,tariff news,tariffs supreme court,scotus,ieepa,tariff,supreme court justices,section 122,s&p 500,dow jones,scotus tariff ruling,tariff ruling,supreme court news,trump tariffs supreme court,ieepa tariffs,stock market today,trump news,tarriffs,scotusblog,section 122 tariffs,supreme court ruling on tariffs,stock market,supreme court ruling,trump press conference today,clarence thomas,trump press conference,neil gorsuch,trump tariff news,cnbc,trump tarrifs,section 122 of the trade act of 1974,dow jones today,trump live,wsj,trump tariff supreme court,us supreme court,supreme court tariff,samuel alito,politics,nyt,trump tariff,scotus tariffs,sp 500,tarrif,supreme court tariff decision,supreme court strikes down tariffs,supreme court rulings,supreme court decision on tariffs,tariff ruling supreme court,trump's tariffs,djia today,tariff decision","./explore?q=supreme%20court&geo=US"
"mens hockey olympics","200K+","February 19, 2026 at 4:00:00 PM UTC-5",,"mens hockey olympics,usa vs slovakia,slovakia,us mens hockey today,us mens hockey,usa vs slovakia hockey,usa men's hockey,usa mens hockey,slovakia hockey team,tage thompson,us hockey,slovakia olympic hockey team,us men's hockey,usa slovakia,usa slovakia hockey,team usa hockey,usa mens hockey today,slovakia hockey roster,us men's hockey olympics,usa,team usa hockey roster,zach werenski,slovakia hockey,slafkovsky,team usa mens hockey","./explore?q=mens%20hockey%20olympics&geo=US"
"olympic hockey","200K+","February 20, 2026 at 11:40:00 AM UTC-5",,"olympic hockey,canada hockey,canada vs finland,hockey olympics,mens olympics hockey,usa hockey mens,olympics hockey,canada finland,canada mens hockey,olympic mens hockey,canada finland hockey,canada vs finland hockey,usa mens hockey scores,olympic men's hockey,mens olympic hockey,ice hockey at the olympic games schedule and results,mens hockey gold medal game time,men's olympic hockey,finland vs canada,olympics men's hockey,finland hockey,team canada hockey,finland,nathan mackinnon,finland canada,canada olympic hockey,brad marchand,juuse saros,finland olympic hockey team,shea theodore,erik haula,canada mens hockey olympic,canada hockey game,canada finland game,mens hockey olympic schedule,canada finland score,olympics mens hockey,men's olympic hockey schedule,usa hockey olympic schedule,mens usa hockey schedule,us men's hockey schedule","./explore?q=olympic%20hockey&geo=US"
"winter storm watch","50K+","February 20, 2026 at 1:00:00 PM UTC-5",,"winter storm watch,weather nyc,nyc weather","./explore?q=winter%20storm%20watch&geo=US"
"caleb flynn","50K+","February 19, 2026 at 6:10:00 PM UTC-5",,"caleb flynn,caleb flynn american idol,ashley flynn,caleb flynn american idol audition,whio","./explore?q=caleb%20flynn&geo=US"
"wes rucker","50K+","February 19, 2026 at 8:20:00 PM UTC-5",,"wes rucker,wes rucker accident","./explore?q=wes%20rucker&geo=US"
"celtics vs warriors","100K+","February 19, 2026 at 9:00:00 PM UTC-5",,"celtics vs warriors,celtics,kristaps porziņģis,warriors,golden state warriors,porzingis,gsw,warriors vs celtics,celtics - warriors,celtics vs golden state warriors match player stats,where to watch celtics vs golden state warriors","./explore?q=celtics%20vs%20warriors&geo=US"
"usa hockey","100K+","February 20, 2026 at 3:20:00 PM UTC-5",,"usa hockey,hockey,usa hockey score,usa hockey game,usa olympic hockey,olympic hockey results,us olympic hockey,canada hockey olympics,usa hockey game today,canada hockey score,olympic hockey scores,canada vs usa hockey,usa mens hockey,us mens hockey,taylor heise,team usa women's hockey roster,keller usa women's hockey,usa women's hockey coach,keller usa hockey,usa womens hockey team,us women's olympic hockey team,keller women's hockey,hilary knight age,usa women's hockey team,us womens hockey roster,usa womans hockey,hilary knight hockey,us womens hockey team,cayla barnes,mens hockey usa,us women's hockey coach,gold medal hockey game,megan keller goal","./explore?q=usa%20hockey&geo=US"
"punch monkey","20K+","February 19, 2026 at 4:00:00 PM UTC-5",,"punch monkey","./explore?q=punch%20monkey&geo=US"
"athletic - elche c. f.","20K+","February 20, 2026 at 2:10:00 PM UTC-5",,"athletic - elche c. f.,athletic club vs elche","./explore?q=athletic%20-%20elche%20c.%20f.&geo=US"
"johnny gaudreau","10K+","February 20, 2026 at 3:20:00 PM UTC-5",,"johnny gaudreau,gaudreau,johnny hockey","./explore?q=johnny%20gaudreau&geo=US"
"russian fighter jets","10K+","February 20, 2026 at 10:50:00 AM UTC-5",,"russian fighter jets","./explore?q=russian%20fighter%20jets&geo=US"
"pokémon firered leafgreen","20K+","February 20, 2026 at 8:50:00 AM UTC-5",,"pokémon firered leafgreen,pokemon fire red,pokemon,pokemon firered,pokemon fire red switch 2,pokemon fire red switch,pokemon day,nintendo switch,fire red leaf green","./explore?q=pok%C3%A9mon%20firered%20leafgreen&geo=US"
"alex ferreira","10K+","February 20, 2026 at 2:10:00 PM UTC-5",,"alex ferreira,nick goepper,henry sildaru","./explore?q=alex%20ferreira&geo=US"
"mlb","20K+","February 20, 2026 at 11:30:00 AM UTC-5",,"mlb,spring training 2026","./explore?q=mlb&geo=US"
"haylie duff","20K+","February 20, 2026 at 11:50:00 AM UTC-5",,"haylie duff,hilary duff,hilary duff sister","./explore?q=haylie%20duff&geo=US"
"alysa liu mother","50K+","February 19, 2026 at 5:00:00 PM UTC-5",,"alysa liu mother,alysa liu parents,alysa liu siblings,arthur liu,alyssa liu mom,alyssa liu parents,alysa liu family,where is alysa liu's mother,alyssa liu mother,alysa liu beijing 2022,alyssa liu family,alysa liu father","./explore?q=alysa%20liu%20mother&geo=US"
"dylan larkin","5K+","February 20, 2026 at 3:10:00 PM UTC-5",,"dylan larkin","./explore?q=dylan%20larkin&geo=US"
"yankees","10K+","February 20, 2026 at 8:10:00 AM UTC-5",,"yankees","./explore?q=yankees&geo=US"
"psycho killer movie","10K+","February 19, 2026 at 4:00:00 PM UTC-5",,"psycho killer movie","./explore?q=psycho%20killer%20movie&geo=US"
"brest vs marseille","5K+","February 20, 2026 at 2:00:00 PM UTC-5",,"brest vs marseille","./explore?q=brest%20vs%20marseille&geo=US"
"steve perry","10K+","February 19, 2026 at 8:10:00 PM UTC-5",,"steve perry","./explore?q=steve%20perry&geo=US"
"asha sharma","2K+","February 20, 2026 at 3:30:00 PM UTC-5",,"asha sharma,phil spencer,sarah bond","./explore?q=asha%20sharma&geo=US"
"megan moroney","10K+","February 20, 2026 at 12:00:00 AM UTC-5",,"megan moroney","./explore?q=megan%20moroney&geo=US"
"bet365","2K+","February 20, 2026 at 1:10:00 PM UTC-5",,"bet365","./explore?q=bet365&geo=US"
"cubs","2K+","February 20, 2026 at 2:30:00 PM UTC-5",,"cubs","./explore?q=cubs&geo=US"
"is pedro pascal gay","10K+","February 19, 2026 at 11:40:00 PM UTC-5",,"is pedro pascal gay,rafael olarra,pedro pascal gay,is pedro pascal dating","./explore?q=is%20pedro%20pascal%20gay&geo=US"
"orioles","2K+","February 20, 2026 at 1:30:00 PM UTC-5",,"orioles,mlb scores","./explore?q=orioles&geo=US"
"red sox","2K+","February 20, 2026 at 1:20:00 PM UTC-5",,"red sox","./explore?q=red%20sox&geo=US"
"chicago bears moving to indiana","10K+","February 19, 2026 at 6:00:00 PM UTC-5",,"chicago bears moving to indiana,are the bears moving to indiana,chicago bears stadium","./explore?q=chicago%20bears%20moving%20to%20indiana&geo=US"
"arthur fils","2K+","February 20, 2026 at 2:20:00 PM UTC-5",,"arthur fils","./explore?q=arthur%20fils&geo=US"
"alysa liu teeth","100K+","February 19, 2026 at 4:40:00 PM UTC-5","February 20, 2026 at 2:10:00 PM UTC-5","alysa liu teeth,alyssa liu teeth,what is on alysa liu's front teeth,alysa liu hair,what is on alysa liu's teeth,what does alysa liu have on her front teeth,alysa liu teeth piercing,what's on alysa liu's teeth,what does alysa liu have on her teeth,does alysa liu have braces,what does alyssa liu have on her teeth,alysa liu piercings,alyssa liu teeth piercing,what is on alyssa liu's front teeth","./explore?q=alysa%20liu%20teeth&geo=US"
"coco gauff","20K+","February 20, 2026 at 11:50:00 AM UTC-5","February 20, 2026 at 3:20:00 PM UTC-5","coco gauff,elina svitolina","./explore?q=coco%20gauff&geo=US"
"jakub mensik","5K+","February 20, 2026 at 2:20:00 PM UTC-5",,"jakub mensik,mensik,jakub menšík","./explore?q=jakub%20mensik&geo=US"
"qatar open","5K+","February 20, 2026 at 1:40:00 PM UTC-5",,"qatar open,doha open","./explore?q=qatar%20open&geo=US"
"kristen santos-griswold","2K+","February 20, 2026 at 2:50:00 PM UTC-5",,"kristen santos-griswold","./explore?q=kristen%20santos-griswold&geo=US"
"juraj slafkovsky","1K+","February 20, 2026 at 3:30:00 PM UTC-5",,"juraj slafkovsky","./explore?q=juraj%20slafkovsky&geo=US"
"brady tkachuk","2K+","February 20, 2026 at 3:40:00 PM UTC-5",,"brady tkachuk,jack hughes","./explore?q=brady%20tkachuk&geo=US"
"asos","5K+","February 20, 2026 at 2:40:00 AM UTC-5",,"asos","./explore?q=asos&geo=US"
"nuggets vs clippers","50K+","February 19, 2026 at 9:40:00 PM UTC-5","February 20, 2026 at 1:40:00 PM UTC-5","nuggets vs clippers,bennedict mathurin,derrick jones jr.,clippers vs nuggets,denver nuggets vs la clippers match player stats,jamal murray,where to watch la clippers vs denver nuggets,denver nuggets vs la clippers timeline,where to watch denver nuggets vs la clippers","./explore?q=nuggets%20vs%20clippers&geo=US"
"pistons vs knicks","100K+","February 19, 2026 at 6:30:00 PM UTC-5","February 20, 2026 at 10:10:00 AM UTC-5","pistons vs knicks,cade cunningham,knicks,detroit pistons,pistons,new york knicks,ny knicks,knicks game,knicks score,pistons game,where to watch detroit pistons vs knicks,knicks schedule,detroit pistons vs knicks match player stats","./explore?q=pistons%20vs%20knicks&geo=US"
"pete alonso","2K+","February 20, 2026 at 2:40:00 PM UTC-5",,"pete alonso","./explore?q=pete%20alonso&geo=US"
"is steam down","10K+","February 20, 2026 at 1:50:00 PM UTC-5","February 20, 2026 at 3:40:00 PM UTC-5","is steam down,steam down,is steam down right now","./explore?q=is%20steam%20down&geo=US"
"carlos alcaraz","10K+","February 20, 2026 at 12:10:00 PM UTC-5","February 20, 2026 at 3:10:00 PM UTC-5","carlos alcaraz,alcaraz","./explore?q=carlos%20alcaraz&geo=US"
"fetty wap","2K+","February 20, 2026 at 2:10:00 PM UTC-5",,"fetty wap","./explore?q=fetty%20wap&geo=US"
"mariners","1K+","February 20, 2026 at 3:30:00 PM UTC-5",,"mariners,padres","./explore?q=mariners&geo=US"
"marseille fc","1K+","February 20, 2026 at 3:00:00 PM UTC-5",,"marseille fc","./explore?q=marseille%20fc&geo=US"
"connor hellebuyck","1K+","February 20, 2026 at 3:30:00 PM UTC-5",,"connor hellebuyck","./explore?q=connor%20hellebuyck&geo=US"
"chicago cubs","5K+","February 20, 2026 at 3:20:00 PM UTC-5",,"chicago cubs,mumford and sons tour","./explore?q=chicago%20cubs&geo=US"
"boston weather","2K+","February 20, 2026 at 6:10:00 AM UTC-5",,"boston weather","./explore?q=boston%20weather&geo=US"
"del taco restaurant closures","2K+","February 20, 2026 at 3:30:00 PM UTC-5",,"del taco restaurant closures,del taco","./explore?q=del%20taco%20restaurant%20closures&geo=US"
"dow","20K+","February 20, 2026 at 10:30:00 AM UTC-5","February 20, 2026 at 2:30:00 PM UTC-5","dow,djia","./explore?q=dow&geo=US"
"suns vs spurs","50K+","February 19, 2026 at 7:40:00 PM UTC-5","February 20, 2026 at 9:20:00 AM UTC-5","suns vs spurs","./explore?q=suns%20vs%20spurs&geo=US"
"mainz vs hamburg","1K+","February 20, 2026 at 2:40:00 PM UTC-5",,"mainz vs hamburg","./explore?q=mainz%20vs%20hamburg&geo=US"
"anthony geary","1K+","February 20, 2026 at 2:50:00 PM UTC-5",,"anthony geary","./explore?q=anthony%20geary&geo=US"
"samuel hlavaj","500+","February 20, 2026 at 3:30:00 PM UTC-5",,"samuel hlavaj","./explore?q=samuel%20hlavaj&geo=US"
"nets vs cavaliers","20K+","February 19, 2026 at 6:10:00 PM UTC-5","February 20, 2026 at 8:10:00 AM UTC-5","nets vs cavaliers","./explore?q=nets%20vs%20cavaliers&geo=US"
"hellebuyck","2K+","February 20, 2026 at 3:40:00 PM UTC-5",,"hellebuyck,usa hockey mens,usa men's hockey","./explore?q=hellebuyck&geo=US"
"baby keem","20K+","February 19, 2026 at 11:00:00 PM UTC-5","February 20, 2026 at 3:40:00 PM UTC-5","baby keem,casino baby keem,baby keem casino,baby keem new album","./explore?q=baby%20keem&geo=US"
"rockets vs hornets","20K+","February 19, 2026 at 6:10:00 PM UTC-5","February 20, 2026 at 8:10:00 AM UTC-5","rockets vs hornets","./explore?q=rockets%20vs%20hornets&geo=US"
"john irving","2K+","February 20, 2026 at 2:00:00 PM UTC-5","February 20, 2026 at 3:40:00 PM UTC-5","john irving,svea irving","./explore?q=john%20irving&geo=US"
"hawks vs 76ers","20K+","February 19, 2026 at 6:10:00 PM UTC-5","February 20, 2026 at 8:00:00 AM UTC-5","hawks vs 76ers,jalen johnson","./explore?q=hawks%20vs%2076ers&geo=US"
"oman vs australia","10K+","February 20, 2026 at 8:40:00 AM UTC-5","February 20, 2026 at 1:40:00 PM UTC-5","oman vs australia,oman national cricket team vs australia national cricket team standings,aus vs oma,oman national cricket team vs australia national cricket team match scorecard","./explore?q=oman%20vs%20australia&geo=US"
"ami nakai","50K+","February 19, 2026 at 4:10:00 PM UTC-5","February 20, 2026 at 4:30:00 AM UTC-5","ami nakai,sakamoto kaori","./explore?q=ami%20nakai&geo=US"
"white sox","500+","February 20, 2026 at 3:40:00 PM UTC-5",,"white sox","./explore?q=white%20sox&geo=US"
"texas rangers","500+","February 20, 2026 at 3:40:00 PM UTC-5",,"texas rangers","./explore?q=texas%20rangers&geo=US"
"raptors vs bulls","20K+","February 19, 2026 at 7:10:00 PM UTC-5","February 20, 2026 at 8:30:00 AM UTC-5","raptors vs bulls","./explore?q=raptors%20vs%20bulls&geo=US"
"sp500","10K+","February 20, 2026 at 10:20:00 AM UTC-5","February 20, 2026 at 2:40:00 PM UTC-5","sp500,s and p 500","./explore?q=sp500&geo=US"
"gus kenworthy","2K+","February 20, 2026 at 2:10:00 PM UTC-5","February 20, 2026 at 3:40:00 PM UTC-5","gus kenworthy","./explore?q=gus%20kenworthy&geo=US"
"olivia rodrigo","2K+","February 20, 2026 at 12:50:00 AM UTC-5",,"olivia rodrigo","./explore?q=olivia%20rodrigo&geo=US"
"magic vs kings","20K+","February 19, 2026 at 9:20:00 PM UTC-5","February 20, 2026 at 9:10:00 AM UTC-5","magic vs kings,orlando magic,sacramento kings,kings","./explore?q=magic%20vs%20kings&geo=US"
"pacers vs wizards","20K+","February 19, 2026 at 6:10:00 PM UTC-5","February 20, 2026 at 8:10:00 AM UTC-5","pacers vs wizards,wizards","./explore?q=pacers%20vs%20wizards&geo=US"
"kaori sakamoto","20K+","February 19, 2026 at 4:20:00 PM UTC-5","February 20, 2026 at 4:30:00 AM UTC-5","kaori sakamoto","./explore?q=kaori%20sakamoto&geo=US"
"night agent","20K+","February 19, 2026 at 5:00:00 PM UTC-5","February 20, 2026 at 4:20:00 AM UTC-5","night agent,the night agent,night agent season 3,the night agent season 3,genesis rodriguez","./explore?q=night%20agent&geo=US"
"dubai open","10K+","February 20, 2026 at 1:50:00 PM UTC-5","February 20, 2026 at 3:10:00 PM UTC-5","dubai open,jessica pegula,amanda anisimova,pegula","./explore?q=dubai%20open&geo=US"
"woody toy story","20K+","February 19, 2026 at 6:50:00 PM UTC-5","February 20, 2026 at 9:20:00 AM UTC-5","woody toy story,toy story 5 trailer,toy story woody","./explore?q=woody%20toy%20story&geo=US"
"connor mcdavid","2K+","February 20, 2026 at 12:00:00 PM UTC-5","February 20, 2026 at 2:10:00 PM UTC-5","connor mcdavid,sidney crosby injury","./explore?q=connor%20mcdavid&geo=US"
"workday","5K+","February 20, 2026 at 1:30:00 PM UTC-5","February 20, 2026 at 3:00:00 PM UTC-5","workday","./explore?q=workday&geo=US"
"aliens","10K+","February 19, 2026 at 8:50:00 PM UTC-5","February 20, 2026 at 11:30:00 AM UTC-5","aliens,trump aliens,msnbc,obama aliens","./explore?q=aliens&geo=US"
"macklin celebrini","2K+","February 20, 2026 at 12:30:00 PM UTC-5","February 20, 2026 at 2:00:00 PM UTC-5","macklin celebrini,celebrini","./explore?q=macklin%20celebrini&geo=US"
"uscis visa bulletin march 2026","10K+","February 19, 2026 at 7:40:00 PM UTC-5","February 20, 2026 at 8:40:00 AM UTC-5","uscis visa bulletin march 2026,visa bulletin march 2026","./explore?q=uscis%20visa%20bulletin%20march%202026&geo=US"
"tornado warning","20K+","February 19, 2026 at 6:20:00 PM UTC-5","February 19, 2026 at 11:10:00 PM UTC-5","tornado warning,tornado warnings,tornado","./explore?q=tornado%20warning&geo=US"
"premio lo nuestro 2026","20K+","February 19, 2026 at 5:30:00 PM UTC-5","February 20, 2026 at 1:40:00 AM UTC-5","premio lo nuestro 2026,premios lo nuestro 2026,univision","./explore?q=premio%20lo%20nuestro%202026&geo=US"
"ain country","20K+","February 19, 2026 at 4:20:00 PM UTC-5","February 20, 2026 at 2:00:00 AM UTC-5","ain country,what country is ain,ain country olympics,adeliya petrosian,what country is ain in olympics,country ain","./explore?q=ain%20country&geo=US"
"where my refund","20K+","February 20, 2026 at 5:50:00 AM UTC-5","February 20, 2026 at 8:40:00 AM UTC-5","where my refund,state refund","./explore?q=where%20my%20refund&geo=US"
"sony playstation","5K+","February 19, 2026 at 7:10:00 PM UTC-5","February 20, 2026 at 6:00:00 AM UTC-5","sony playstation","./explore?q=sony%20playstation&geo=US"
"bloomington tornado","20K+","February 19, 2026 at 7:00:00 PM UTC-5","February 20, 2026 at 10:30:00 AM UTC-5","bloomington tornado,bloomington indiana,bloomington indiana tornado,tornado bloomington indiana,tornado bloomington,tornado indiana,bloomington indiana weather,indiana tornado,wthr,bloomington weather,tornado warning bloomington","./explore?q=bloomington%20tornado&geo=US"
"target","20K+","February 20, 2026 at 12:50:00 AM UTC-5","February 20, 2026 at 7:10:00 AM UTC-5","target","./explore?q=target&geo=US"
"sasha cohen","10K+","February 19, 2026 at 4:50:00 PM UTC-5","February 20, 2026 at 2:50:00 AM UTC-5","sasha cohen,sasha cohen skater","./explore?q=sasha%20cohen&geo=US"
"lori chavez-deremer","5K+","February 19, 2026 at 5:20:00 PM UTC-5","February 20, 2026 at 12:30:00 PM UTC-5","lori chavez-deremer","./explore?q=lori%20chavez-deremer&geo=US"
"seatgeek","2K+","February 20, 2026 at 12:00:00 PM UTC-5","February 20, 2026 at 2:10:00 PM UTC-5","seatgeek","./explore?q=seatgeek&geo=US"
"hilary duff tickets","2K+","February 20, 2026 at 10:00:00 AM UTC-5","February 20, 2026 at 1:50:00 PM UTC-5","hilary duff tickets","./explore?q=hilary%20duff%20tickets&geo=US"
"olympic medal count","50K+","February 19, 2026 at 5:00:00 PM UTC-5","February 19, 2026 at 7:00:00 PM UTC-5","olympic medal count,medal count,olympics medal count,winter olympics medal count,us medal count","./explore?q=olympic%20medal%20count&geo=US"
"sassuolo vs verona","500+","February 20, 2026 at 2:50:00 PM UTC-5","February 20, 2026 at 3:50:00 PM UTC-5","sassuolo vs verona","./explore?q=sassuolo%20vs%20verona&geo=US"
"nuggets","10K+","February 19, 2026 at 11:20:00 PM UTC-5","February 20, 2026 at 2:20:00 AM UTC-5","nuggets,denver nuggets,nuggets game","./explore?q=nuggets&geo=US"
"the traitors season 4","10K+","February 20, 2026 at 12:00:00 AM UTC-5","February 20, 2026 at 8:50:00 AM UTC-5","the traitors season 4,traitors,natalie traitors","./explore?q=the%20traitors%20season%204&geo=US"
"corinne stoddard","5K+","February 20, 2026 at 3:20:00 PM UTC-5","February 20, 2026 at 3:40:00 PM UTC-5","corinne stoddard,anastasiia gubanova,gubanova","./explore?q=corinne%20stoddard&geo=US"
"republican primary","500+","February 20, 2026 at 2:30:00 PM UTC-5","February 20, 2026 at 3:20:00 PM UTC-5","republican primary","./explore?q=republican%20primary&geo=US"
"msnow","2K+","February 20, 2026 at 10:40:00 AM UTC-5","February 20, 2026 at 2:40:00 PM UTC-5","msnow","./explore?q=msnow&geo=US"
"finland hockey roster","2K+","February 20, 2026 at 11:50:00 AM UTC-5","February 20, 2026 at 1:40:00 PM UTC-5","finland hockey roster","./explore?q=finland%20hockey%20roster&geo=US"
"love story","10K+","February 19, 2026 at 8:20:00 PM UTC-5","February 20, 2026 at 2:00:00 AM UTC-5","love story,love story fx","./explore?q=love%20story&geo=US"
"lsu baseball schedule","1K+","February 20, 2026 at 2:20:00 PM UTC-5","February 20, 2026 at 3:10:00 PM UTC-5","lsu baseball schedule","./explore?q=lsu%20baseball%20schedule&geo=US"
"lsu vs ole miss","5K+","February 19, 2026 at 9:30:00 PM UTC-5","February 20, 2026 at 8:40:00 AM UTC-5","lsu vs ole miss","./explore?q=lsu%20vs%20ole%20miss&geo=US"
"fear factor house of fear","10K+","February 19, 2026 at 6:40:00 PM UTC-5","February 20, 2026 at 1:10:00 AM UTC-5","fear factor house of fear","./explore?q=fear%20factor%20house%20of%20fear&geo=US"
"iowa vs purdue","10K+","February 19, 2026 at 7:00:00 PM UTC-5","February 19, 2026 at 11:10:00 PM UTC-5","iowa vs purdue,where to watch iowa hawkeyes women's basketball vs purdue boilermakers women's basketball","./explore?q=iowa%20vs%20purdue&geo=US"
"clippers","10K+","February 19, 2026 at 11:20:00 PM UTC-5","February 20, 2026 at 2:40:00 AM UTC-5","clippers,la clippers,clippers game","./explore?q=clippers&geo=US"
"les wexner","20K+","February 19, 2026 at 9:20:00 PM UTC-5","February 20, 2026 at 7:50:00 AM UTC-5","les wexner,wexner","./explore?q=les%20wexner&geo=US"
"martha maccallum","5K+","February 19, 2026 at 10:00:00 PM UTC-5","February 20, 2026 at 4:50:00 AM UTC-5","martha maccallum","./explore?q=martha%20maccallum&geo=US"
"spinosaurus","5K+","February 19, 2026 at 6:50:00 PM UTC-5","February 20, 2026 at 9:10:00 AM UTC-5","spinosaurus,new dinosaur discovered,new dinosaur","./explore?q=spinosaurus&geo=US"
"gdp","2K+","February 20, 2026 at 8:30:00 AM UTC-5","February 20, 2026 at 11:10:00 AM UTC-5","gdp","./explore?q=gdp&geo=US"
"boston celtics","5K+","February 19, 2026 at 10:30:00 PM UTC-5","February 20, 2026 at 6:50:00 AM UTC-5","boston celtics,jaylen brown","./explore?q=boston%20celtics&geo=US"
"mone chiba","10K+","February 19, 2026 at 4:10:00 PM UTC-5","February 20, 2026 at 2:00:00 AM UTC-5","mone chiba","./explore?q=mone%20chiba&geo=US"
"spy","2K+","February 20, 2026 at 10:30:00 AM UTC-5","February 20, 2026 at 12:10:00 PM UTC-5","spy","./explore?q=spy&geo=US"
"devin booker","10K+","February 19, 2026 at 9:30:00 PM UTC-5","February 19, 2026 at 11:50:00 PM UTC-5","devin booker,devin booker injury","./explore?q=devin%20booker&geo=US"
"olympics","20K+","February 19, 2026 at 4:00:00 PM UTC-5","February 19, 2026 at 6:10:00 PM UTC-5","olympics","./explore?q=olympics&geo=US"
"is uber eats down","500+","February 20, 2026 at 1:40:00 PM UTC-5","February 20, 2026 at 2:30:00 PM UTC-5","is uber eats down","./explore?q=is%20uber%20eats%20down&geo=US"
"voo","2K+","February 20, 2026 at 10:40:00 AM UTC-5","February 20, 2026 at 12:00:00 PM UTC-5","voo","./explore?q=voo&geo=US"
"south carolina vs alabama","5K+","February 19, 2026 at 8:40:00 PM UTC-5","February 20, 2026 at 6:50:00 AM UTC-5","south carolina vs alabama","./explore?q=south%20carolina%20vs%20alabama&geo=US"
"mlb tv","500+","February 20, 2026 at 1:10:00 PM UTC-5","February 20, 2026 at 2:10:00 PM UTC-5","mlb tv","./explore?q=mlb%20tv&geo=US"
"kate vitt","5K+","February 19, 2026 at 6:30:00 PM UTC-5","February 20, 2026 at 1:50:00 AM UTC-5","kate vitt","./explore?q=kate%20vitt&geo=US"
"chris love is blind","5K+","February 19, 2026 at 8:20:00 PM UTC-5","February 20, 2026 at 1:10:00 AM UTC-5","chris love is blind,chris love is blind season 10","./explore?q=chris%20love%20is%20blind&geo=US"
"kelly ripa","2K+","February 20, 2026 at 9:20:00 AM UTC-5","February 20, 2026 at 11:20:00 AM UTC-5","kelly ripa","./explore?q=kelly%20ripa&geo=US"
"scotus blog","2K+","February 20, 2026 at 10:00:00 AM UTC-5","February 20, 2026 at 11:30:00 AM UTC-5","scotus blog","./explore?q=scotus%20blog&geo=US"
"gordon ramsay","5K+","February 19, 2026 at 7:30:00 PM UTC-5","February 20, 2026 at 1:20:00 AM UTC-5","gordon ramsay","./explore?q=gordon%20ramsay&geo=US"
"nytimes","5K+","February 20, 2026 at 10:30:00 AM UTC-5","February 20, 2026 at 11:50:00 AM UTC-5","nytimes,new york times","./explore?q=nytimes&geo=US"
"savannah chrisley","2K+","February 20, 2026 at 11:10:00 AM UTC-5","February 20, 2026 at 12:10:00 PM UTC-5","savannah chrisley","./explore?q=savannah%20chrisley&geo=US"
"kcci","2K+","February 20, 2026 at 5:40:00 AM UTC-5","February 20, 2026 at 8:50:00 AM UTC-5","kcci,school closings iowa,kcrg,school cancellations","./explore?q=kcci&geo=US"
"eric dans","5K+","February 19, 2026 at 9:30:00 PM UTC-5","February 20, 2026 at 12:40:00 AM UTC-5","eric dans","./explore?q=eric%20dans&geo=US"
"jordan stolz","20K+","February 19, 2026 at 9:20:00 PM UTC-5","February 19, 2026 at 10:20:00 PM UTC-5","jordan stolz,mass start speed skating,jordan stolz olympic events,speed skating mass start,what is mass start speed skating,men's 1500m speed skating results,stolz jordan","./explore?q=jordan%20stolz&geo=US"
"tara lipinski","20K+","February 19, 2026 at 10:20:00 PM UTC-5","February 19, 2026 at 11:40:00 PM UTC-5","tara lipinski","./explore?q=tara%20lipinski&geo=US"
"bruce willis","5K+","February 19, 2026 at 9:40:00 PM UTC-5","February 20, 2026 at 12:40:00 AM UTC-5","bruce willis","./explore?q=bruce%20willis&geo=US"
"tim curry","2K+","February 19, 2026 at 10:10:00 PM UTC-5","February 20, 2026 at 5:30:00 AM UTC-5","tim curry","./explore?q=tim%20curry&geo=US"
"tommy paul","10K+","February 19, 2026 at 6:30:00 PM UTC-5","February 19, 2026 at 9:00:00 PM UTC-5","tommy paul,taylor fritz","./explore?q=tommy%20paul&geo=US"
"spy stock","2K+","February 20, 2026 at 10:30:00 AM UTC-5","February 20, 2026 at 11:40:00 AM UTC-5","spy stock","./explore?q=spy%20stock&geo=US"
"lanús vs flamengo","5K+","February 19, 2026 at 6:50:00 PM UTC-5","February 19, 2026 at 10:50:00 PM UTC-5","lanús vs flamengo","./explore?q=lan%C3%BAs%20vs%20flamengo&geo=US"
"cal poly basketball","2K+","February 20, 2026 at 12:20:00 AM UTC-5","February 20, 2026 at 3:20:00 AM UTC-5","cal poly basketball,cal poly vs hawaii","./explore?q=cal%20poly%20basketball&geo=US"
"ain olympics","10K+","February 19, 2026 at 7:50:00 PM UTC-5","February 19, 2026 at 11:00:00 PM UTC-5","ain olympics,nikita filippov","./explore?q=ain%20olympics&geo=US"
"ied","2K+","February 20, 2026 at 12:10:00 AM UTC-5","February 20, 2026 at 7:30:00 AM UTC-5","ied","./explore?q=ied&geo=US"
"spirit airlines","5K+","February 19, 2026 at 7:50:00 PM UTC-5","February 20, 2026 at 3:00:00 AM UTC-5","spirit airlines","./explore?q=spirit%20airlines&geo=US"
"mikko rantanen","1K+","February 20, 2026 at 11:20:00 AM UTC-5","February 20, 2026 at 12:20:00 PM UTC-5","mikko rantanen","./explore?q=mikko%20rantanen&geo=US"
"petrosian skater","5K+","February 19, 2026 at 4:20:00 PM UTC-5","February 20, 2026 at 2:00:00 AM UTC-5","petrosian skater,eteri tutberidze,petrosian","./explore?q=petrosian%20skater&geo=US"
"abby winterberger","5K+","February 19, 2026 at 5:10:00 PM UTC-5","February 20, 2026 at 1:10:00 AM UTC-5","abby winterberger","./explore?q=abby%20winterberger&geo=US"
"cat missal","2K+","February 19, 2026 at 6:10:00 PM UTC-5","February 19, 2026 at 11:00:00 PM UTC-5","cat missal","./explore?q=cat%20missal&geo=US"
"nasdaq","2K+","February 20, 2026 at 10:50:00 AM UTC-5","February 20, 2026 at 11:50:00 AM UTC-5","nasdaq","./explore?q=nasdaq&geo=US"
"connections hint","5K+","February 20, 2026 at 7:00:00 AM UTC-5","February 20, 2026 at 8:10:00 AM UTC-5","connections hint","./explore?q=connections%20hint&geo=US"
"tenley albright","2K+","February 19, 2026 at 5:00:00 PM UTC-5","February 20, 2026 at 3:00:00 AM UTC-5","tenley albright","./explore?q=tenley%20albright&geo=US"
"conduent","2K+","February 20, 2026 at 7:50:00 AM UTC-5","February 20, 2026 at 9:20:00 AM UTC-5","conduent","./explore?q=conduent&geo=US"
"jes staley","1K+","February 20, 2026 at 4:10:00 AM UTC-5","February 20, 2026 at 9:10:00 AM UTC-5","jes staley","./explore?q=jes%20staley&geo=US"
"costco stock","1K+","February 20, 2026 at 10:30:00 AM UTC-5","February 20, 2026 at 11:50:00 AM UTC-5","costco stock","./explore?q=costco%20stock&geo=US"
"virginia giuffre death","2K+","February 20, 2026 at 6:10:00 AM UTC-5","February 20, 2026 at 9:10:00 AM UTC-5","virginia giuffre death,maria farmer","./explore?q=virginia%20giuffre%20death&geo=US"
"sarah pender","2K+","February 19, 2026 at 8:20:00 PM UTC-5","February 20, 2026 at 1:10:00 AM UTC-5","sarah pender","./explore?q=sarah%20pender&geo=US"
"lanús - flamengo","5K+","February 19, 2026 at 6:50:00 PM UTC-5","February 19, 2026 at 10:30:00 PM UTC-5","lanús - flamengo,lanús x flamengo,flamengo","./explore?q=lan%C3%BAs%20-%20flamengo&geo=US"
"payton pritchard","2K+","February 19, 2026 at 11:00:00 PM UTC-5","February 20, 2026 at 2:20:00 AM UTC-5","payton pritchard","./explore?q=payton%20pritchard&geo=US"
"la galaxy","2K+","February 19, 2026 at 8:00:00 PM UTC-5","February 19, 2026 at 11:10:00 PM UTC-5","la galaxy","./explore?q=la%20galaxy&geo=US"
"ice immigration","1K+","February 20, 2026 at 3:20:00 AM UTC-5","February 20, 2026 at 6:10:00 AM UTC-5","ice immigration","./explore?q=ice%20immigration&geo=US"
"ain","5K+","February 19, 2026 at 4:20:00 PM UTC-5","February 19, 2026 at 11:00:00 PM UTC-5","ain","./explore?q=ain&geo=US"
"spacex rocket launch","2K+","February 19, 2026 at 10:50:00 PM UTC-5","February 20, 2026 at 3:50:00 AM UTC-5","spacex rocket launch,nasa spacex rocket launch,spacex launch today","./explore?q=spacex%20rocket%20launch&geo=US"
"warriors game","2K+","February 19, 2026 at 11:20:00 PM UTC-5","February 20, 2026 at 1:30:00 AM UTC-5","warriors game","./explore?q=warriors%20game&geo=US"
"taryn hatcher","1K+","February 20, 2026 at 6:00:00 AM UTC-5","February 20, 2026 at 9:00:00 AM UTC-5","taryn hatcher","./explore?q=taryn%20hatcher&geo=US"
"juanes","2K+","February 19, 2026 at 9:30:00 PM UTC-5","February 20, 2026 at 1:40:00 AM UTC-5","juanes","./explore?q=juanes&geo=US"
"tonya harding","2K+","February 19, 2026 at 10:00:00 PM UTC-5","February 20, 2026 at 2:10:00 AM UTC-5","tonya harding","./explore?q=tonya%20harding&geo=US"
"pce","1K+","February 20, 2026 at 8:30:00 AM UTC-5","February 20, 2026 at 9:40:00 AM UTC-5","pce,pce report","./explore?q=pce&geo=US"
"nissan rogue","2K+","February 19, 2026 at 9:30:00 PM UTC-5","February 20, 2026 at 12:00:00 AM UTC-5","nissan rogue","./explore?q=nissan%20rogue&geo=US"
"prayer time","5K+","February 20, 2026 at 5:20:00 AM UTC-5","February 20, 2026 at 6:50:00 AM UTC-5","prayer time,suhoor time,iftar time 2026,iftar time,iftar dua","./explore?q=prayer%20time&geo=US"
"gable steveson","1K+","February 19, 2026 at 11:40:00 PM UTC-5","February 20, 2026 at 7:50:00 AM UTC-5","gable steveson","./explore?q=gable%20steveson&geo=US"
"genesis invitational 2026","2K+","February 19, 2026 at 4:40:00 PM UTC-5","February 19, 2026 at 8:50:00 PM UTC-5","genesis invitational 2026,genesis","./explore?q=genesis%20invitational%202026&geo=US"
"maura higgins","2K+","February 19, 2026 at 9:20:00 PM UTC-5","February 20, 2026 at 12:00:00 AM UTC-5","maura higgins","./explore?q=maura%20higgins&geo=US"
"refugees","2K+","February 19, 2026 at 7:20:00 PM UTC-5","February 19, 2026 at 10:00:00 PM UTC-5","refugees","./explore?q=refugees&geo=US"
"nebraska vs oregon","2K+","February 19, 2026 at 9:30:00 PM UTC-5","February 20, 2026 at 12:10:00 AM UTC-5","nebraska vs oregon","./explore?q=nebraska%20vs%20oregon&geo=US"
"frances tiafoe","2K+","February 19, 2026 at 4:00:00 PM UTC-5","February 19, 2026 at 7:00:00 PM UTC-5","frances tiafoe,tiafoe","./explore?q=frances%20tiafoe&geo=US"
"will richard","2K+","February 19, 2026 at 10:50:00 PM UTC-5","February 20, 2026 at 12:50:00 AM UTC-5","will richard","./explore?q=will%20richard&geo=US"
"texas a&m vs tennessee","2K+","February 19, 2026 at 6:50:00 PM UTC-5","February 19, 2026 at 10:00:00 PM UTC-5","texas a&m vs tennessee","./explore?q=texas%20a%26m%20vs%20tennessee&geo=US"
"blue owl","1K+","February 20, 2026 at 9:30:00 AM UTC-5","February 20, 2026 at 10:40:00 AM UTC-5","blue owl","./explore?q=blue%20owl&geo=US"
"sporting san miguelito vs la galaxy","2K+","February 19, 2026 at 7:40:00 PM UTC-5","February 19, 2026 at 10:30:00 PM UTC-5","sporting san miguelito vs la galaxy","./explore?q=sporting%20san%20miguelito%20vs%20la%20galaxy&geo=US"
"switzerland","2K+","February 19, 2026 at 8:20:00 PM UTC-5","February 19, 2026 at 11:20:00 PM UTC-5","switzerland,usa women's curling results","./explore?q=switzerland&geo=US"
"desmond bane","2K+","February 19, 2026 at 10:40:00 PM UTC-5","February 20, 2026 at 12:30:00 AM UTC-5","desmond bane","./explore?q=desmond%20bane&geo=US"
"dunkin mitten","500+","February 20, 2026 at 10:10:00 AM UTC-5","February 20, 2026 at 11:00:00 AM UTC-5","dunkin mitten","./explore?q=dunkin%20mitten&geo=US"
"jokic","2K+","February 19, 2026 at 11:50:00 PM UTC-5","February 20, 2026 at 1:40:00 AM UTC-5","jokic,nikola jokić,nikola jokic","./explore?q=jokic&geo=US"
"katy perry","2K+","February 19, 2026 at 8:30:00 PM UTC-5","February 19, 2026 at 10:50:00 PM UTC-5","katy perry","./explore?q=katy%20perry&geo=US"
"erie insurance","2K+","February 20, 2026 at 5:30:00 AM UTC-5","February 20, 2026 at 6:10:00 AM UTC-5","erie insurance","./explore?q=erie%20insurance&geo=US"
"la casa de los famosos 2026","2K+","February 19, 2026 at 9:40:00 PM UTC-5","February 19, 2026 at 11:10:00 PM UTC-5","la casa de los famosos 2026,la casa de los famosos","./explore?q=la%20casa%20de%20los%20famosos%202026&geo=US"
"lsu women's basketball","2K+","February 19, 2026 at 11:10:00 PM UTC-5","February 20, 2026 at 12:10:00 AM UTC-5","lsu women's basketball,ole miss women's basketball","./explore?q=lsu%20women%27s%20basketball&geo=US"
"estonia","2K+","February 19, 2026 at 8:10:00 PM UTC-5","February 19, 2026 at 9:20:00 PM UTC-5","estonia","./explore?q=estonia&geo=US"
"michael pollan","1K+","February 20, 2026 at 12:10:00 AM UTC-5","February 20, 2026 at 4:30:00 AM UTC-5","michael pollan","./explore?q=michael%20pollan&geo=US"
"sofia costoulas","500+","February 20, 2026 at 7:30:00 AM UTC-5","February 20, 2026 at 8:50:00 AM UTC-5","sofia costoulas","./explore?q=sofia%20costoulas&geo=US"
"hawaii basketball","2K+","February 20, 2026 at 1:10:00 AM UTC-5","February 20, 2026 at 3:10:00 AM UTC-5","hawaii basketball","./explore?q=hawaii%20basketball&geo=US"
"zoe atkin","2K+","February 19, 2026 at 5:10:00 PM UTC-5","February 20, 2026 at 12:50:00 AM UTC-5","zoe atkin","./explore?q=zoe%20atkin&geo=US"
"ct school closings","1K+","February 20, 2026 at 5:40:00 AM UTC-5","February 20, 2026 at 7:00:00 AM UTC-5","ct school closings,school closings ct","./explore?q=ct%20school%20closings&geo=US"
"vti","1K+","February 20, 2026 at 11:10:00 AM UTC-5","February 20, 2026 at 11:40:00 AM UTC-5","vti","./explore?q=vti&geo=US"
"melissa mccarthy","2K+","February 20, 2026 at 12:10:00 AM UTC-5","February 20, 2026 at 1:20:00 AM UTC-5","melissa mccarthy","./explore?q=melissa%20mccarthy&geo=US"
"wnep school closings","500+","February 20, 2026 at 5:20:00 AM UTC-5","February 20, 2026 at 7:20:00 AM UTC-5","wnep school closings","./explore?q=wnep%20school%20closings&geo=US"
"tmz","5K+","February 19, 2026 at 10:00:00 PM UTC-5","February 19, 2026 at 10:40:00 PM UTC-5","tmz","./explore?q=tmz&geo=US"
"rocket launch today","2K+","February 19, 2026 at 8:40:00 PM UTC-5","February 19, 2026 at 9:50:00 PM UTC-5","rocket launch today","./explore?q=rocket%20launch%20today&geo=US"
"noaa weather","500+","February 20, 2026 at 7:00:00 AM UTC-5","February 20, 2026 at 8:50:00 AM UTC-5","noaa weather","./explore?q=noaa%20weather&geo=US"
"al horford","2K+","February 19, 2026 at 10:50:00 PM UTC-5","February 20, 2026 at 12:10:00 AM UTC-5","al horford","./explore?q=al%20horford&geo=US"
"politico","500+","February 20, 2026 at 11:20:00 AM UTC-5","February 20, 2026 at 11:50:00 AM UTC-5","politico","./explore?q=politico&geo=US"
"what place did amber glenn get","2K+","February 19, 2026 at 8:20:00 PM UTC-5","February 19, 2026 at 10:50:00 PM UTC-5","what place did amber glenn get,amber glenn partner,did amber glenn win a medal","./explore?q=what%20place%20did%20amber%20glenn%20get&geo=US"
"hilary knight partner","5K+","February 19, 2026 at 4:00:00 PM UTC-5","February 19, 2026 at 5:10:00 PM UTC-5","hilary knight partner,hilary knight wife,how old is hilary knight,hilary knight engaged","./explore?q=hilary%20knight%20partner&geo=US"
"paul reed","2K+","February 19, 2026 at 9:40:00 PM UTC-5","February 19, 2026 at 11:10:00 PM UTC-5","paul reed","./explore?q=paul%20reed&geo=US"
"denise richards","1K+","February 19, 2026 at 8:50:00 PM UTC-5","February 20, 2026 at 12:10:00 AM UTC-5","denise richards","./explore?q=denise%20richards&geo=US"
"makeup","2K+","February 20, 2026 at 12:10:00 AM UTC-5","February 20, 2026 at 1:10:00 AM UTC-5","makeup","./explore?q=makeup&geo=US"
"leah lewis","500+","February 20, 2026 at 6:20:00 AM UTC-5","February 20, 2026 at 8:10:00 AM UTC-5","leah lewis","./explore?q=leah%20lewis&geo=US"
"rafael jodar","1K+","February 19, 2026 at 8:50:00 PM UTC-5","February 19, 2026 at 10:30:00 PM UTC-5","rafael jodar","./explore?q=rafael%20jodar&geo=US"
"2026 年冬奥会冰上曲棍球","500+","February 20, 2026 at 3:10:00 AM UTC-5","February 20, 2026 at 4:40:00 AM UTC-5","2026 年冬奥会冰上曲棍球","./explore?q=2026%20%E5%B9%B4%E5%86%AC%E5%A5%A5%E4%BC%9A%E5%86%B0%E4%B8%8A%E6%9B%B2%E6%A3%8D%E7%90%83&geo=US"
"fajr","500+","February 20, 2026 at 5:20:00 AM UTC-5","February 20, 2026 at 6:40:00 AM UTC-5","fajr,prayer times","./explore?q=fajr&geo=US"
"celebrities who died in 2026","2K+","February 19, 2026 at 9:50:00 PM UTC-5","February 19, 2026 at 11:10:00 PM UTC-5","celebrities who died in 2026,celebrity deaths 2026","./explore?q=celebrities%20who%20died%20in%202026&geo=US"
"athletico-pr vs corinthians","1K+","February 19, 2026 at 5:20:00 PM UTC-5","February 19, 2026 at 7:00:00 PM UTC-5","athletico-pr vs corinthians","./explore?q=athletico-pr%20vs%20corinthians&geo=US"
"elon musk net worth","1K+","February 19, 2026 at 10:20:00 PM UTC-5","February 20, 2026 at 2:50:00 AM UTC-5","elon musk net worth","./explore?q=elon%20musk%20net%20worth&geo=US"
"kamila valieva","1K+","February 19, 2026 at 10:20:00 PM UTC-5","February 20, 2026 at 2:20:00 AM UTC-5","kamila valieva","./explore?q=kamila%20valieva&geo=US"
"sehri time today","500+","February 20, 2026 at 5:10:00 AM UTC-5","February 20, 2026 at 6:30:00 AM UTC-5","sehri time today","./explore?q=sehri%20time%20today&geo=US"
"kate hudson","1K+","February 20, 2026 at 12:10:00 AM UTC-5","February 20, 2026 at 1:10:00 AM UTC-5","kate hudson","./explore?q=kate%20hudson&geo=US"
"og anunoby","1K+","February 19, 2026 at 9:20:00 PM UTC-5","February 19, 2026 at 10:40:00 PM UTC-5","og anunoby","./explore?q=og%20anunoby&geo=US"
"jalen green","1K+","February 19, 2026 at 10:40:00 PM UTC-5","February 19, 2026 at 11:50:00 PM UTC-5","jalen green","./explore?q=jalen%20green&geo=US"
"kindergarten","500+","February 20, 2026 at 2:10:00 AM UTC-5","February 20, 2026 at 3:20:00 AM UTC-5","kindergarten","./explore?q=kindergarten&geo=US"
"joao fonseca","1K+","February 19, 2026 at 6:40:00 PM UTC-5","February 19, 2026 at 9:20:00 PM UTC-5","joao fonseca","./explore?q=joao%20fonseca&geo=US"
"whio weather","1K+","February 19, 2026 at 9:50:00 PM UTC-5","February 19, 2026 at 11:00:00 PM UTC-5","whio weather","./explore?q=whio%20weather&geo=US"
"steph curry","1K+","February 19, 2026 at 10:30:00 PM UTC-5","February 19, 2026 at 11:30:00 PM UTC-5","steph curry","./explore?q=steph%20curry&geo=US"
"freeze watch","1K+","February 19, 2026 at 4:20:00 PM UTC-5","February 19, 2026 at 5:50:00 PM UTC-5","freeze watch","./explore?q=freeze%20watch&geo=US"
"tornado warning dayton ohio","1K+","February 19, 2026 at 9:50:00 PM UTC-5","February 19, 2026 at 11:00:00 PM UTC-5","tornado warning dayton ohio","./explore?q=tornado%20warning%20dayton%20ohio&geo=US"
"new movie","200+","February 20, 2026 at 3:00:00 AM UTC-5","February 20, 2026 at 7:00:00 AM UTC-5","new movie","./explore?q=new%20movie&geo=US"
"grant williams","1K+","February 19, 2026 at 9:00:00 PM UTC-5","February 19, 2026 at 10:20:00 PM UTC-5","grant williams","./explore?q=grant%20williams&geo=US"
"liberty basketball","1K+","February 19, 2026 at 7:40:00 PM UTC-5","February 19, 2026 at 9:00:00 PM UTC-5","liberty basketball","./explore?q=liberty%20basketball&geo=US"
"manuel alejandro","1K+","February 19, 2026 at 10:00:00 PM UTC-5","February 19, 2026 at 11:10:00 PM UTC-5","manuel alejandro","./explore?q=manuel%20alejandro&geo=US"
"paradise season 2","2K+","February 19, 2026 at 8:20:00 PM UTC-5","February 19, 2026 at 9:50:00 PM UTC-5","paradise season 2","./explore?q=paradise%20season%202&geo=US"
"dhs","500+","February 20, 2026 at 1:40:00 AM UTC-5","February 20, 2026 at 2:50:00 AM UTC-5","dhs","./explore?q=dhs&geo=US"
"gloria trevi","1K+","February 19, 2026 at 7:50:00 PM UTC-5","February 19, 2026 at 9:00:00 PM UTC-5","gloria trevi","./explore?q=gloria%20trevi&geo=US"
"delta airlines","1K+","February 20, 2026 at 12:50:00 AM UTC-5","February 20, 2026 at 1:50:00 AM UTC-5","delta airlines","./explore?q=delta%20airlines&geo=US"
"내일 날씨","1K+","February 20, 2026 at 12:00:00 AM UTC-5","February 20, 2026 at 1:40:00 AM UTC-5","내일 날씨","./explore?q=%EB%82%B4%EC%9D%BC%20%EB%82%A0%EC%94%A8&geo=US"
"emery lehman","1K+","February 19, 2026 at 8:50:00 PM UTC-5","February 19, 2026 at 10:00:00 PM UTC-5","emery lehman","./explore?q=emery%20lehman&geo=US"
"eric winter","1K+","February 19, 2026 at 9:50:00 PM UTC-5","February 19, 2026 at 11:00:00 PM UTC-5","eric winter","./explore?q=eric%20winter&geo=US"
"wbng closings","200+","February 20, 2026 at 5:50:00 AM UTC-5","February 20, 2026 at 7:00:00 AM UTC-5","wbng closings","./explore?q=wbng%20closings&geo=US"
"sri lanka women vs west indies women","500+","February 20, 2026 at 9:10:00 AM UTC-5","February 20, 2026 at 9:40:00 AM UTC-5","sri lanka women vs west indies women","./explore?q=sri%20lanka%20women%20vs%20west%20indies%20women&geo=US"
"culpable","1K+","February 19, 2026 at 10:20:00 PM UTC-5","February 19, 2026 at 11:30:00 PM UTC-5","culpable","./explore?q=culpable&geo=US"
"kendall coyne schofield","2K+","February 19, 2026 at 4:10:00 PM UTC-5","February 19, 2026 at 5:20:00 PM UTC-5","kendall coyne schofield,kendall coyne","./explore?q=kendall%20coyne%20schofield&geo=US"
"lucinda williams","1K+","February 19, 2026 at 7:40:00 PM UTC-5","February 19, 2026 at 8:50:00 PM UTC-5","lucinda williams","./explore?q=lucinda%20williams&geo=US"
"uc davis basketball","500+","February 20, 2026 at 12:00:00 AM UTC-5","February 20, 2026 at 1:10:00 AM UTC-5","uc davis basketball","./explore?q=uc%20davis%20basketball&geo=US"
"chicago bulls","1K+","February 19, 2026 at 10:30:00 PM UTC-5","February 19, 2026 at 11:20:00 PM UTC-5","chicago bulls","./explore?q=chicago%20bulls&geo=US"
"tobias harris","1K+","February 19, 2026 at 8:30:00 PM UTC-5","February 19, 2026 at 9:40:00 PM UTC-5","tobias harris","./explore?q=tobias%20harris&geo=US"
"uconn student tickets","1K+","February 19, 2026 at 9:50:00 PM UTC-5","February 19, 2026 at 10:50:00 PM UTC-5","uconn student tickets","./explore?q=uconn%20student%20tickets&geo=US"
"pulp fiction","1K+","February 19, 2026 at 6:50:00 PM UTC-5","February 19, 2026 at 7:50:00 PM UTC-5","pulp fiction","./explore?q=pulp%20fiction&geo=US"
"eeoc","1K+","February 19, 2026 at 8:50:00 PM UTC-5","February 19, 2026 at 9:50:00 PM UTC-5","eeoc","./explore?q=eeoc&geo=US"
"adam walton","500+","February 19, 2026 at 7:00:00 PM UTC-5","February 19, 2026 at 8:10:00 PM UTC-5","adam walton","./explore?q=adam%20walton&geo=US"
"clayton keller","1K+","February 19, 2026 at 4:00:00 PM UTC-5","February 19, 2026 at 5:00:00 PM UTC-5","clayton keller","./explore?q=clayton%20keller&geo=US"
"oksana baiul","500+","February 19, 2026 at 10:20:00 PM UTC-5","February 19, 2026 at 11:30:00 PM UTC-5","oksana baiul","./explore?q=oksana%20baiul&geo=US"
"nordic combined team sprint","1K+","February 19, 2026 at 6:50:00 PM UTC-5","February 19, 2026 at 7:50:00 PM UTC-5","nordic combined team sprint","./explore?q=nordic%20combined%20team%20sprint&geo=US"
"deportivo táchira - tolima","1K+","February 19, 2026 at 7:20:00 PM UTC-5","February 19, 2026 at 8:20:00 PM UTC-5","deportivo táchira - tolima","./explore?q=deportivo%20t%C3%A1chira%20-%20tolima&geo=US"
"levito","500+","February 19, 2026 at 8:30:00 PM UTC-5","February 19, 2026 at 9:40:00 PM UTC-5","levito","./explore?q=levito&geo=US"
"duncan robinson","500+","February 19, 2026 at 8:40:00 PM UTC-5","February 19, 2026 at 10:20:00 PM UTC-5","duncan robinson","./explore?q=duncan%20robinson&geo=US"
"dr.","1K+","February 19, 2026 at 7:00:00 PM UTC-5","February 19, 2026 at 8:00:00 PM UTC-5","dr.","./explore?q=dr.&geo=US"
"tulane basketball","500+","February 19, 2026 at 11:10:00 PM UTC-5","February 20, 2026 at 12:10:00 AM UTC-5","tulane basketball","./explore?q=tulane%20basketball&geo=US"
"olympic mascot 2026","1K+","February 19, 2026 at 4:30:00 PM UTC-5","February 19, 2026 at 5:30:00 PM UTC-5","olympic mascot 2026","./explore?q=olympic%20mascot%202026&geo=US"
"pwhl teams","1K+","February 19, 2026 at 4:10:00 PM UTC-5","February 19, 2026 at 5:20:00 PM UTC-5","pwhl teams","./explore?q=pwhl%20teams&geo=US"
"maria becerra","500+","February 19, 2026 at 9:50:00 PM UTC-5","February 19, 2026 at 10:50:00 PM UTC-5","maria becerra","./explore?q=maria%20becerra&geo=US"
"open stock","1K+","February 19, 2026 at 4:30:00 PM UTC-5","February 19, 2026 at 5:40:00 PM UTC-5","open stock","./explore?q=open%20stock&geo=US"
"aj brown","200+","February 20, 2026 at 7:40:00 AM UTC-5","February 20, 2026 at 8:20:00 AM UTC-5","aj brown","./explore?q=aj%20brown&geo=US"
"steve hilton","500+","February 19, 2026 at 7:40:00 PM UTC-5","February 19, 2026 at 8:40:00 PM UTC-5","steve hilton","./explore?q=steve%20hilton&geo=US"
"iftar time today","500+","February 19, 2026 at 5:40:00 PM UTC-5","February 19, 2026 at 6:40:00 PM UTC-5","iftar time today","./explore?q=iftar%20time%20today&geo=US"
"esclerosis lateral amiotrófica","500+","February 19, 2026 at 10:40:00 PM UTC-5","February 19, 2026 at 11:30:00 PM UTC-5","esclerosis lateral amiotrófica","./explore?q=esclerosis%20lateral%20amiotr%C3%B3fica&geo=US"
"sui","500+","February 19, 2026 at 8:20:00 PM UTC-5","February 19, 2026 at 9:10:00 PM UTC-5","sui","./explore?q=sui&geo=US"
"us women's curling","500+","February 19, 2026 at 10:40:00 PM UTC-5","February 19, 2026 at 11:30:00 PM UTC-5","us women's curling","./explore?q=us%20women%27s%20curling&geo=US"
"gold medal count 2026","500+","February 19, 2026 at 5:10:00 PM UTC-5","February 19, 2026 at 6:10:00 PM UTC-5","gold medal count 2026","./explore?q=gold%20medal%20count%202026&geo=US"
"us womens hockey coach","1K+","February 19, 2026 at 4:00:00 PM UTC-5","February 19, 2026 at 5:00:00 PM UTC-5","us womens hockey coach","./explore?q=us%20womens%20hockey%20coach&geo=US"
"knoxville weather","200+","February 20, 2026 at 5:40:00 AM UTC-5","February 20, 2026 at 6:30:00 AM UTC-5","knoxville weather","./explore?q=knoxville%20weather&geo=US"
"haley winn","500+","February 20, 2026 at 8:20:00 AM UTC-5","February 20, 2026 at 8:40:00 AM UTC-5","haley winn","./explore?q=haley%20winn&geo=US"
"amber glen","500+","February 19, 2026 at 8:30:00 PM UTC-5","February 19, 2026 at 9:10:00 PM UTC-5","amber glen","./explore?q=amber%20glen&geo=US"
"philadelphia weather","500+","February 20, 2026 at 6:50:00 AM UTC-5","February 20, 2026 at 7:20:00 AM UTC-5","philadelphia weather,weather philadelphia","./explore?q=philadelphia%20weather&geo=US"
"today's weather","200+","February 20, 2026 at 7:00:00 AM UTC-5","February 20, 2026 at 7:30:00 AM UTC-5","today's weather","./explore?q=today%27s%20weather&geo=US"
"dubai flights","500+","February 20, 2026 at 12:20:00 AM UTC-5","February 20, 2026 at 1:00:00 AM UTC-5","dubai flights","./explore?q=dubai%20flights&geo=US"
"dc weather","200+","February 20, 2026 at 6:40:00 AM UTC-5","February 20, 2026 at 7:20:00 AM UTC-5","dc weather","./explore?q=dc%20weather&geo=US"
"coosa steel","500+","February 19, 2026 at 5:00:00 PM UTC-5","February 19, 2026 at 5:40:00 PM UTC-5","coosa steel","./explore?q=coosa%20steel&geo=US"
"beast movie","200+","February 20, 2026 at 7:00:00 AM UTC-5","February 20, 2026 at 7:30:00 AM UTC-5","beast movie","./explore?q=beast%20movie&geo=US"
"perth wildcats","200+","February 20, 2026 at 6:10:00 AM UTC-5","February 20, 2026 at 6:40:00 AM UTC-5","perth wildcats","./explore?q=perth%20wildcats&geo=US"
"tokischa","500+","February 19, 2026 at 8:20:00 PM UTC-5","February 19, 2026 at 9:00:00 PM UTC-5","tokischa","./explore?q=tokischa&geo=US"
"vix","500+","February 19, 2026 at 8:20:00 PM UTC-5","February 19, 2026 at 8:50:00 PM UTC-5","vix","./explore?q=vix&geo=US"
"skimo","500+","February 19, 2026 at 11:20:00 PM UTC-5","February 19, 2026 at 11:50:00 PM UTC-5","skimo","./explore?q=skimo&geo=US"
"kelly sildaru","500+","February 19, 2026 at 6:20:00 PM UTC-5","February 19, 2026 at 7:00:00 PM UTC-5","kelly sildaru","./explore?q=kelly%20sildaru&geo=US"
"eric church","500+","February 19, 2026 at 9:30:00 PM UTC-5","February 19, 2026 at 10:00:00 PM UTC-5","eric church","./explore?q=eric%20church&geo=US"
"survivor 50 cast","1K+","February 19, 2026 at 8:50:00 PM UTC-5","February 19, 2026 at 9:10:00 PM UTC-5","survivor 50 cast","./explore?q=survivor%2050%20cast&geo=US"
"us women's hockey team roster","1K+","February 19, 2026 at 4:30:00 PM UTC-5","February 19, 2026 at 5:00:00 PM UTC-5","us women's hockey team roster","./explore?q=us%20women%27s%20hockey%20team%20roster&geo=US"
"cavs game","1K+","February 19, 2026 at 9:00:00 PM UTC-5","February 19, 2026 at 9:20:00 PM UTC-5","cavs game","./explore?q=cavs%20game&geo=US"
"cal poly","200+","February 20, 2026 at 1:50:00 AM UTC-5","February 20, 2026 at 2:20:00 AM UTC-5","cal poly","./explore?q=cal%20poly&geo=US"
"tornado watch vs warning","1K+","February 19, 2026 at 7:20:00 PM UTC-5","February 19, 2026 at 7:40:00 PM UTC-5","tornado watch vs warning","./explore?q=tornado%20watch%20vs%20warning&geo=US"
"medals olympics 2026","1K+","February 19, 2026 at 5:50:00 PM UTC-5","February 19, 2026 at 6:10:00 PM UTC-5","medals olympics 2026","./explore?q=medals%20olympics%202026&geo=US"
"meryl streep","500+","February 19, 2026 at 10:10:00 PM UTC-5","February 19, 2026 at 10:30:00 PM UTC-5","meryl streep","./explore?q=meryl%20streep&geo=US"
"ig","100+","February 20, 2026 at 5:00:00 AM UTC-5","February 20, 2026 at 5:30:00 AM UTC-5","ig","./explore?q=ig&geo=US"
"monarch legacy of monsters","500+","February 19, 2026 at 10:50:00 PM UTC-5","February 19, 2026 at 11:10:00 PM UTC-5","monarch legacy of monsters","./explore?q=monarch%20legacy%20of%20monsters&geo=US"
"wmur weather","100+","February 20, 2026 at 6:20:00 AM UTC-5","February 20, 2026 at 6:40:00 AM UTC-5","wmur weather","./explore?q=wmur%20weather&geo=US"
"mls","500+","February 19, 2026 at 10:20:00 PM UTC-5","February 19, 2026 at 10:40:00 PM UTC-5","mls","./explore?q=mls&geo=US"
"athletico-pr x corinthians","500+","February 19, 2026 at 5:50:00 PM UTC-5","February 19, 2026 at 6:10:00 PM UTC-5","athletico-pr x corinthians","./explore?q=athletico-pr%20x%20corinthians&geo=US"
"victoria justice","200+","February 20, 2026 at 2:00:00 AM UTC-5","February 20, 2026 at 2:20:00 AM UTC-5","victoria justice","./explore?q=victoria%20justice&geo=US"
"brisbane bullets","100+","February 20, 2026 at 4:30:00 AM UTC-5","February 20, 2026 at 4:50:00 AM UTC-5","brisbane bullets","./explore?q=brisbane%20bullets&geo=US"
"gta 6 release date","200+","February 20, 2026 at 2:20:00 AM UTC-5","February 20, 2026 at 2:40:00 AM UTC-5","gta 6 release date","./explore?q=gta%206%20release%20date&geo=US"